review,label
"Bonne pension pour nos chers animaux de compagnie, chats, chiens.",True
"J'ai laiss√© mon chien en pension pour une dur√©e de 2 semaines, rien a redire, accueil tr√®s chaleureux, j'ai retrouv√© mon petit amour en pleine forme ! Je recommande!",True
Ne r√©pons pas au t√©l√©phone,False
"Personnel plus que d√©sagr√©able, la dame nous a presque insult√© car on avait sonn√© et n'a pas voulu r√©pondre √† une simple question car c'est sur rendez-vous.",False
"Comment peut-on encore appeler cet endroit un ""refuge"" ?",False
Les chiens y sont tr√®s bien trait√©s. Le personnel et les b√©n√©voles sont adorables. Ce n'est peut-√™tre pas un palace 5 √©toiles mais les chiens n'en ont rien √† faire. Ils sont HEUREUX.,True
Ils sont absolument injoignable par t√©l√©phone...,False
"Les animaux y sont bien trait√©s, beaucoup de m√©rite de toute l'√©quipe
Il faut rencontrer les chiens sur rdv, premier sondage sur les motivations par t√©l√©phone qui peut paraitre d√©routant mais qui est tout √† fait compr√©hensible. Il faut s'imaginer aussi de leur c√¥t√©, √† ne pas confier leurs poilus √† n'importe qui
Bref, superbe √©quipe",True
"Je suis tr√®s choqu√©e par certains commentaires : mensonges, propos exag√©r√©s et aberrants... De tels commentaires nuisent √† la r√©putation du refuge, de mani√®re totalement infond√©e et injustifi√©e, et nuisent aussi aux chiens qui y sont √† l'adoption et attendent une famille !!

C√¥toyant le refuge depuis ann√©es, je peux affirmer que les chiens y sont tr√®s bien trait√©s, aussi bien les pensionnaires que les chiens √† l'adoption : alimentation adapt√©e au chien selon ses besoins et son √¢ge, nettoyage des enclos et ravitaillement en eau fra√Æche plusieurs fois par jour, soins, jeux et jouets, balades aux alentours avec les b√©n√©voles, contacts avec les autres chiens en fonction des affinit√©s, logettes (chauff√©es l'hiver) pour la nuit etc.
Le bien-√™tre physique et moral des chiens est vraiment LA priorit√© pour l'√©quipe qui y travaille.

Passion, professionnalisme et rigueur sont les mots qui d√©crivent au mieux cette √©quipe.
L'adoption des chiens est faite avec beaucoup de s√©rieux : chaque profil d'adoptant est √©tudi√© pour √™tre s√ªr qu'il corresponde parfaitement au chien, rien n'est laiss√© au hasard.

En bref, une belle petite structure qui se bat pour continuer d'exister, traite ses chiens avec un amour infini et un super lieu de vacances pour les chiens en pension.",True
"Accueil tr√®s chaleureux.
J‚Äôavoue √™tre √©tonn√©e de certains commentaires google, pour ma part tout s‚Äôest toujours tr√®s bien pass√© ! 
Mon chien a √©t√© plusieurs fois en pension et ce fut toujours une bonne exp√©rience. 
Les femmes g√©rantes de ce refuge sont tr√®s sympathiques et accueillantes, on sent leur amour sinc√®re pour les chiens.
Tr√®s bon refuge.",True
"Une √©quipe de b√©n√©voles au top, au service des animaux chanceux (en pension) ou moins chanceux (en refuge). Une √©quipe g√©niale vraiment attentionn√©e.",True
Nous avons r√©cup√©r√© notre chien apr√®s 15 jours dans ce centre les oreilles sacrifi√©es des infections derri√®re les oreilles peau √† vif et qui ne cesse de boire depuis que nous l'avons r√©cup√©r√© . J'ai le sentiment que bien des choses nous ont √©t√© cach√©es malgr√© les dire de ce centre. Ne le conseille pas.,False
"Quel bonheur d'avoir ce refuge pr√®s de chez soi qui accueille souvent notre cavalier. L'√©quipe est chaleureuse, professionnelle et tient compte de toutes les demandes et consignes. Notre chien s'y est bien sociabilis√©, lui qui est d'un naturel r√©serv√©. Ne pas h√©siter √† y laisser son toutou üê∂",True
"Ma chienne samoyede y va depuis qu'elle est b√©b√©. Rien qu'au mot ""pension"" elle est d√©j√† devant la porte et tr√©pigne d'impatience ! Alors certes elle ne rentre pas toujours propre et sentant la rose mais elle s'√©clate et c'est le principal. Cette pension est tenue par une famille de passionn√©s. Ils sont professionnels et connaissent parfaitement leur m√©tier et les chiens.
Lorsque j'avais mon entreprise de services aux animaux domestiques, c'est un lieu que je conseillais les yeux ferm√©s. Je n'ai jamais eu de retour n√©gatif de mes clients  

C'est un lieu que je conseille. Ma chienne a h√¢te de les retrouver cet √©t√© :-)",True
"Un accueil insultant et agressif de la part de la jeune fille √† droite sur les photos !! Nous venions proposer du b√©n√©volat, mais nous voulions voir les toutous avant, pour savoir en quoi nous pouvions √™tre utiles, mais elle nous a claqu√© la porte au nez, en nous disant d'aller voir ailleurs ! Elle n'a pas voulu qu'on rentre, c'est soi-disant sur rdv mais comme on ne peut pas les joindre par t√©l√©phone !! Si elle traite les pauvres b√™tes comme elle nous a trait√©, je crains le pire !",False
Des gens passionn√©s et des chiens qui ont l'air heureux,True
Le meilleur  des  refuges.,True
"Tr√®s bon contact que ce soit t√©l√©phonique ou physique. Personnel agr√©able. Les chiens du refuge sont tous √©quilibr√©s (petites ou grandes races) et bien trait√©s. Pour ma part je suis toujours venue sur rdv pour rencontrer ma future ""fifille"", j ai sonn√© et on m'a accueilli avec un grand sourire.",True
"Nous sommes venus plusieurs fois √† ce refuge pour adopter une chienne rep√©r√©e sur leur site. Nous avons √† chaque fois rencontr√© des gens bienveillants, tant pour les animaux que pour les personnes souhaitant adopter. On nous y a donn√© plein de conseils, sans pour autant nous donner de le√ßon.
Nous avons gr√¢ce √† eux depuis quelques semaines une chienne bien dans ses poils, qui fait le bonheur de la famille. Merci pour votre travail et votre accueil !",True
Pas aimable de mauvaise fois raccroch√© au nez insulte ! Je vous le d√©conseille allez savoir ce qu‚Äôelle doit faire au animeaux avec ce temp√©rament ! Il faudrais tous les sauver des cette folles alli√©!,False
"A premi√®re vue, le refuge n'est pas en parfaite √©tat et l'accueil n'est pas chaleureux... Mais ensuite on peut voir que les chiens sont heureux et qu'ils sont trait√©s superbement. Tr√®s s√©rieux au niveau de l'adoption et bon contact avec les b√©n√©voles. Je recommande donc pour √™tre b√©n√©vole mais aussi si vous souhaitez adopter.",True
""" date  23/04/18 16:51
objet  (pas d'objet)

voir l'en-t√™te complet

Suite a notre conversation t√©l√©phonique , avec une personne des plus d√©sagrable qui me force la main pour placer mon chien .
Je ne sais pas ce que vous essayez de faire .
d'un cot√© une personne qui prends mon argent et abandonne mon chien et vous qui essayez de me le voler.
Je vous ai remerci√© de tout coeur .je vous ai dit que debut je trouverai une solution .et en attendant je peux vous rembourser au moins 200e et venir 3 fois par semaines au refuge voire le chien.

a maintes reprises j'ai appel√© afin de prendre rendez vous , vos collegues m'ont dit a quatres reprises que la responsable n 'etait pas pr√©sente et de surcroit , je ne pouvais meme pas visiter mon chien.
J'ai pris mon mal en patience , attendu votre rappel ; voyant que je n avais pas de retour de votre part je vous ai laiss√© un mail ce matin.

Pour au final vous entendre me dire que vous voulez donner mon chien.

Vous osez me demander de rester calme ?
Je dormirai meme dehors avec
""

vous ne repondez pas a mes appelles  ni mes mails et vous avez fait adopt√© mon chien

je vous informe avoir d√©pos√© une plainte contre vous",False
"Un refuge/pension au TOP que je conseil √† ceux et celles qui veulent y laisser leur(s) chien(s) pour les vacances ou le temps d'un week-end ! Les dames et le monsieur qui s'occupent de tout ses pensionnaires sont tr√®s gentils, √† l'√©coute, courageux et passionn√©s, cela se voit et se ressent ! De plus, le bien-√™tre des animaux est r√©ellement leur PRIORIT√â (nettoyage des boxs/enclos fait tous les jours, l'eau est chang√©e plusieurs fois par jour pour que le chien ait constamment de l'eau fra√Æche, un go√ªter est pr√©vu pour les chiens l'apr√®s-midi (biscuits pour chiens). Les chiens y sont tr√®s bien trait√©s et ont beaucoup de compagnons de jeux pour √©viter tout ennuie ! Le monsieur √©tant le gardien du refuge, il y est donc pr√©sent jour et nuit, un atout non n√©gligeable. En bref, ils ont beaucoup de m√©rite pour g√©rer un refuge en √©tant si peu ! Juste un mot : BRAVO !",True
"Un super refuge et pension. Il me semble que les gens qui se permettent de mettre des commentaires inutiles n'ont jamais travailler dans un refuge ! C'est beaucoup de travail ! Les dames qui y travaillent sont super courageuse et tr√®s gentille ! Les animaux y sont effectivement bien trait√©s ! Changement de l'eau, ils leur donnent des go√ªter( bonbons chiens) De plus il y a un gardien qui est la jour et nuit. Bref merci √† eux",True
"Comp√©tence totale pour un endroit que les chiens ne devrait pas conna√Ætre. La spa. Mais Bon, on ne refera pas le monde. J'ai vu la patronne du lieu refus√© une adoption √† des gens qu'elle n'estimais pas tr√®s s√©rieux dans leurs explications sur la fa√ßon de garder un animal. En l'occurrence une cage dans un appartement. Sic. C'est vous dire qu'elle ne fait pas n'importe quoi et qu'elle veille au bonheur des chiens chez leur futur ma√Ætre.",True
"Une √©quipe restreinte mais tr√®s professionnelle qui s'occupe  avec beaucoup d'amour de tous les chiens qui leur sont confi√©s . Alimentation ,  hygi√®ne , jeux et promenades , tout est g√©r√© avec s√©rieux et passion ,  avec pour objectif de toujours faire au mieux pour le bien des chiens ,  bravo !",True
Ce qui est fait pour les animaux est juste incroyable ! Super chenil,True
"Les dames qui g√®rent ce refuge sont des malades mentales : accueil avec insultes et agressivit√© car j'avais sonn√© √† la porte.
√áa empestait l'alcool dans le bureau. Jai m√™me eu le droit d'entendre ceci :
""On traite bien les animaux mais on s'en fout des humains"". 
A v√©rifier qu'elles traitent vraiment bien les animaux ... !",False
"Le personnel et les b√©n√©voles sont super . 
Refuge tr√®s agr√©able j'ai eu la chance de trouver mon petit compagnon qui a eu quelques mois remplis d'amour mais qui a malheurseusement rejoint le pays des anges.
Le personnel prend vraiment soin des animaux. 
Vraiment un bravo √† toute l'√©quipe .
Bonne continuation pour la suite .",True
"A fuir absolument. Notre chien est rentr√© craintif, il a mis une semaine √† s en remettre. Il avait peur de nous et refusait d aller dans son panier. Nous avons test√© une autre pension dans le sud, notre chien est rentr√© tr√®s bien, sans aucun changement et pas du tout craintif. √âvitez la pension du mesnil le roi.",False
Depuis plusieurs ann√©es j'y laisse pour le temps des vacances mes chiens et chats. Ils y sont toujours retourn√©s avec plaisir en faisant la f√™te d√®s leur arriv√©e. Jamais  de soucis. Ils reviennent  toujours propres et en bonne sant√©.  Je recommande et mes animaux y retourneront aux prochaines vacances,True
Chiens tr√®s bien accueillis. je recommande cette pension. Continuez !,True
"S√©jour de 6 jours : le r√©gime alimentaire sp√©cifique de nos chats n'a pas √©t√© respect√©, ils ont perdu du poids et sentent tr√®s mauvais. De plus un de nos chats a un traitement m√©dical qui n'a pas √©t√© donn√©. L'√©tat de la cage √©tait d√©plorable, pleine de liti√®re et d'urine et les gamelles d'eau √©taient vides et sales. Je d√©conseille tr√®s fortement si vous aimez votre animal.",False
"Ma chienne (Shiba inu) fait toujours la f√™te au propri√©taire du chenil, c'est une colonie de vacances pour elle. Grand merci pour KikiüòÉ",True
"Excellente pension o√π nous laissons nos chiens avec une grande tranquillit√© d'esprit. 
Nous savons que ce sont de vraies vacances pour eux dans de grands espaces.
Excellents soins et beaucoup d'attentions.
Nous recommandons vivement cette pension.",True
"Tr√®s m√©contente, pas moyen d'avoir de nouvelle de ma chienne au t√©l√©phone (on vous r√©pond que votre chien s'amuse sans m√™me savoir qui vous √™tes de fa√ßon √† √©courter la conversation) et ma chienne a perdu tous ses poils quand je l'ai r√©cup√©r√©e: ""li√© √† un stress extr√™me"" dixit mon v√©t√©rinaire!!!",False
"Nous y amenons notre chien lors de week-end, c'est en courant et en faisant le f√™te qu'il y va. Des amoureux des animaux qui prendront soin du v√¥tre .",True
"Excellente pension. Client depuis 10 ans, nos 2 chiens vont toujours avec plaisir √† la pension :-)",True
"Adorable, efficace et √† l'√©coute. Toujours de bons conseils !",True
Lieux magiques üòçüòâüòé,True
"(Traduit par Google) J'ai trouv√© la chambre pour le chat ressemblait √† une prison. Il n'y avait pas de fen√™tre, et il √©tait assez petite et sentait mauvais. Le prix √©tait identique √† un autre endroit.

(Original)
I found the room for the cat looked like a prison. There was no window, and it was quite small and smelly. The price was same as other place.",False
"(Traduit par Google) J'ai deux chiens (un chow-chow et un laboratoire noir), et ils ont √©t√© abordais ici depuis des ann√©es. Vous pouvez dire que le personnel aime vraiment les animaux, et mes chiens sont toujours bien soign√©s et heureux et en bonne sant√© quand je reviens. Sachant que votre animal est en s√©curit√© est toujours une priorit√© absolue lorsque vous √™tes en d√©placement, et l'Ile Laborde du Chenil les traite comme leur propre.

(Original)
I have two dogs (a chow-chow and a black lab), and they've been boarding here for years. You can tell that the staff truly loves animals, and my dogs are always well cared for and happy and healthy when I return. Knowing that your pet is safe is always a top priority when you're traveling, and the Chenil sur l'Ile Laborde treats them like their own. ",False
"(Traduit par Google) Juste excellent endroit pour mon KOKO elle adore √ßa! et ils prennent soin de bien d'elle! fortement recommand√©.

(Original)
Just great place for my KOKO she loves it! and they take well care of her! highly recomended.",True
"Je viens juste d'adopter mon petit  Milouse . Personnel √† l'√©coute et qui connait bien ces animaux . Animaux bien trait√© avec vaccins √† jour . 
Privil√©gi√© les chats adultes , ils y en a tellement qui vous attendent :)",True
"Un accueil d√©plorable ! Nous y avons adopt√© un chat (que nous adorons par ailleurs), mais notre accueil post -adoption fut lamentable. Personnel aimable comme une porte de prison, tout juste si les visiteurs curieux d'en apprendre plus sur le refuge et voir les chats sont chass√©s comme des malpropres ! A d√©conseiller √† tout prix si la qualit√© du rapport humain vous importe !",False
"Accueil √† la limite de l'acceptable, personnel √† peine motiv√© pour nous faire d√©couvrir le refuge.. Tr√®s d√©√ßu, j'irai adopter un chat ailleurs avec ma copine. Essayez de cr√©er plus de lien avec les visiteurs, vous y gagnerez.",False
"J'ai adopt√© Dali un petit vieux toujours malade,un peu handicap√© physique.Et c'est que du bonheur.Ce refuge respect les animaux,les aiment et se donne a 200% pour eux.Il y en a de tout age de toutes races de tous poids.Qu'un animal soit malade handicap√© ou vieux ils s'en chargeront jusqu'√† sa fin naturelle ou jusqu'√† son adoption.Je vous les conseils <3",True
Accueil tr√®s peu chaleureux durant la semaine. Cela donne une mauvaise impression d'entr√©e. Personnel pas du tout concern√© √† part une jeune salari√©e aimable. √Ä √©viter.,False
"REFUGE GERE PAR DE VIEILLES FOLLES MAL POLIES. Si votre id√©e est de passer un moment chaleureux, passez votre chemin !!!! Effectivement nous avons ramen√© ce jour un chat perdu depuis plusieurs mois trouv√© auparavant par plusieurs familles dont aucune n‚Äôa voulu s‚Äôoccuper. Nous avons donc d√©cid√© de l‚Äôy amener. L‚Äôaccueil fut glacial et √† la limite de l‚Äôincorrection‚Ä¶ Ce fut triste de constater ce type de comportement de la part de de b√©n√©voles‚Ä¶.",False
Tres bien rien a signaler,True
"Visite pour faire don de quelques petites choses ,nous avons demand√© s'il √©tait possible de rencontrer les petites b√™tes, ce qu'elles ont accept√© volontier. 
Plut√¥t gentille, connaissant bien chaques r√©sidents (adultes du moins).nous n'avons pas vu les chatons qui doivent √™tre jalousement isol√©. (C'est le sentiment que j'ai eu)
Nous avons d√©couvert une grande court plut√¥t pas trop mal agenc√© avec nourriture et boisson √† dispo pour les chats,paniers, cabanes, jouets.
La ou √ßa se g√¢te, c'est que les chats font tout pouilleux en majorit√©. 
Certain ont des maladies de peau avec les bouts d'oreilles bouff√© par l'exema,d autres ont les yeux plein de brugnettes comme une conjonctivite.
Bref,√ßa ne pousse pas trop √† adopter,comme c'est triste,surtout quand ils viennent tous vers vous pour √™tre c√¢lin√©. 
C'est bien malheureux, de penser cela,mais j'ai d√©j√† √©t√© dans des refuges ou les chats avaient meilleurs allures. 
Entre autre d'une attitude de la part des soignants pas tr√®s chaleureuse pour certains,ou trop protectrice pour d'autres, 
Je pense que ce refuge manque cruellement de moyens pour faire face aux abandons qui ont augment√© ces derniers mois.
Si je devais par malheur me s√©parer de mes deux Chats, ou meme en trouver un comme cela met arriv√©e il y a 1 mois a peine je ne les laisserais jamais l√†-bas.",False
Une belle adoption. Merci,True
"Tr√®s mauvaise exp√©rience , animaux maintenu en cage pendant une duree anormale pour des raisons vaseuses. Peu de consid√©ration pour les futurs adoptants. Animaux tres mal soign√©s.",False
La plupart des b√©n√©voles sont agr√©ables √† part une ou deux qui sont irrespectueuse et sont √† deux doigt de vous insulter... Plus jamais je ne reviendrai chercher un chat l√† bas! A √©viter si possible !!,False
"Association tr√®s bien tenue : b√©n√©voles motiv√©es qui dorlotent les chats et accueillent les visiteurs. Merci pour tous les chatons abandonn√©s qui sont sauv√©s !!
Seul b√©mol : pour la pension ils comptent ma journ√©e d'arriv√©e et de d√©part du chat m√™me quand on le d√©pose √† 17h30 et qu'on le r√©cup√®re √† 13h30 donc √ßa fait un peu cher ! 
Mais vu que le service fourni est au top c'est qu'un petit d√©tail!! ",True
"LAMENTABLE!! Personnel tr√®s tr√®s malaimable qui ne supporte pas les personnes motiv√©s et demandant des nouvelles du chaton malade rqu'ils ont r√©serv√©. Soigne tr√®s mal les animaux: chaton st√©r√©lis√© en pleine crise de corryza et attente de 2 semaines pour que le chaton voit le veto au risque qu'il perde son oeuil. Ils ne font pas confiance aux futurs adoptants: ont refus√© mon ch√®que de caution en √©change que je st√©rilise moi mm la petite lorsqu'elle sera mieux portante, ont refus√© que je la prenne et la soigne du corryza moi mm plut√¥t que la laisser en cage et sans voir de veto. Refuse √©galement que nous voyons le chaton sous peine de le contaminer (nous voulions juste la voir sans la toucher) Au final apr√®s un mois d'attente, il nous ont retir√© la r√©servation au motif que nous passions par le veto pour avoir des nouvelles et non par eux. Sauf qu'√† chaque fois qu'on les appelait, nous n'avions jamais les mm infos et √©tions tr√®s froidement √©conduit. Adoptant s√©rieux, motiv√©s et soucieux du bien-√™tre des animaux s'abstenir sous peine d'√™tre traumatis√©s !!! Pour info le jour ou on nous a retir√© la r√©servation, nous avons adopt√© un chaton via une asso qui nous a tout de suite fait confiance et a vu notre s√©rieux! donc un conseil: autant chercher autre part! Pauvres chats...",False
"Une vraie m√©saventure, nous avions r√©serv√© un chat, et celui ci √† √©t√© donn√© √† quelqu'un d'autre... Quelle col√®re et quelle d√©ception, en plus d'une vielle dame ex√©crable",False
"Comment d√©crire mon exp√©rience d'adoption avec un refuge associatif ? l'enfer ! Des personnes qui n'ont l'air qu'√† moiti√© motiv√©es pour vous aider √† adopter un chat et se montrent peu aimables et absolument inflexibles, des informations qui se contredisent et aucune compr√©hension dans le fait que oui, quand on adopte un chat, on s'organise pour et on re√ßoit mal de traverser la moiti√© de la r√©gion pour s'entendre dire chaque semaine pedant des mois que la date d'adoption est repouss√©e d'une semaine suppl√©mentaire (et plus encore quand on vous confirme la date finale d'adoption par t√©l√©phone).
Le r√©sultat est un profonde d√©ception... d√©ception de s'√™tre attach√© √† un animal qu'on aura finalement jamais, d√©ception devant l'incapacit√© √† communiquer des b√©n√©voles, d√©ception face √† la non organisation de ce refuge.
Je souhaitais adopter un chat en refuge mais je pense que je m'orienterai finalement vers une solution plus classique d'adoption en port√©e aupr√®s d'une connaissance, ou √† la SPA, structure plus encadr√©e.",False
"Merci pour Kazan adopt√© dans une bonne famille le 12 octobre . Un berger allemand  que je ne ma√Ætrisait pas  . Malgr√© la peine de l' avoir donn√© . Nous sommes heueuX pour lui , qui a l'air bien dans sa nouvelle famille.  Merci √† l'association",True
"Aucune communication, aucune organisation. Si vous voulez adopter un chat en toute tranquillit√©, FUYEZ.

Apr√®s une premi√®re visite le 18 f√©vrier, nous avons craqu√©s pour un chaton, on nous a annonc√© qu'il devait √™tre vaccin√© et st√©rilis√©, et que nous pourrions le r√©cup√©rer 3 semaines plus tard. Nous sommes retourn√©es la samedi suivant pour nous familiariser avec le chaton avant de pouvoir le ramener chez nous, il nous a √©t√© annonc√© que nous pourrions venir le r√©cup√©rer dans 3 semaines. Nous avons rappel√© alors chaque semaine depuis, ayant toujours la m√™me r√©ponse ""dans trois semaines"".  Le 11 mars nous sommes retourn√©s voir le chaton, et l√† on nous a dit que la sterilisation n'√©tait pas possible avant la fin du mois, et qu'ensuite il y avait deux semaines de convalescence. Finalement la bonne nouvelle : on nous appelle le 22mars (jour de passage du v√©t√©rinaire) pour nous dire qu'elle serait op√©r√©e le lundi 27mars et que nous pourrions venir la r√©cup√©rer sous quinze jours, soit le lundi 10 avril. Le jeudi 30 mars nous appelons pour savoir si l'op√©ration s'est bien d√©roul√©e, on nous confirme que nous pouvons venir la chercher le samedi 8 avril (nous habitons √† 1h de route et les horaires du refuge ne nous permette pas de venir en semaine). Nous arrivons le 8 avril avec tout le n√©cessaire pour l'adoption et on nous refuse l'adoption en nous disant que la convalescence n'est pas termin√©e ! en fait le v√©t√©rinaire √©tant en cong√©, il n'avait pu venir voir le chat le mercredi pass√©, mais personne ne nous avait pr√©venu 8 apr√®s deux mois d'attente sans jamais savoir quand il serait possible de venir le r√©cup√©rer ! en plus de cela, nous apprenons ce jour la que le 2e vaccin n'a pas √©t√© administr√© et qu'il fallait attendre deux semaines suppl√©mentaires !
Une des dames en charge de ce refuge est la personne la plus froide qui soit, elle n'a m√™me pas accepter d'appeler le -v√©t√©rinaire alors que nous √©tions l√†. Elle applique la proc√©dure √† la lettre alors qu'ils n'ont aucun processus interne, que les gens au t√©l√©phone nous donne des informations contradictoire;
A noter que personne ne nous a jamais demand√© si l'on savait s'occuper d'un animal !
Apres avoir pris nos dispositions pendant 2mois et demi pour √™tre la le weekend darriv√©e du chaton, nous sommes √† bout.

Adopter un chat est magnifique, c'est adopter un compagnon pour une 15aines d'ann√©e, mais pour que cela reste un plaisir, √©viter √† tout prix ce refuge",False
Grace a vous des million d'animau ne meur pas et nous pouvon les acheter . Vous ette les meilleur et continuerüí™üòâüëç,True
√âquipe tr√®s sympathiques  et disponible,True
Trop choux les chatons,True
Notre chat Voyou revient toujours en pleine forme de son s√©jour √† la Sauvag√®re. Depuis de nombreuses ann√©es nous le laissons en pleine confiance pour un ou deux s√©jours de une semaine √† un mois. Merci de votre professionnalisme ;  votre s√©rieux et votre amour pour nos chats.,True
"Ma Mounette est habitu√©e aux pensions, ayant d√©m√©nag√© j'ai recherch√© une autre pension.
Elle est revenue avec un choriza et √©tait d√©shydrat√©.
Elle √©tait amorphe, au fond d'une petite chambre, vraiment pas bien. 
De plus elle avait un m√©dicament √† prendre et lorsque je lui a√Øs demand√© de me le rendre elle m'a donn√© un m√©dicament qui ne lui appartenait pas et c'√©tait pour le diab√®te ! Je le lui ais fait remarqu√© et a mis quelques secondes pour comprendre. Mais m'a assur√© qu'elle lui avait bien donn√© le sien. N'√©tait de plus pas franchement agr√©able. Et je vois dans les commentaires que plusieurs chats sont rentr√©s chez eux avec le choriza et d√©shydrat√©s. 

Et aucunes nouvelles durant le s√©jour. Pourtant je penses que vu comme elle prend soin des chats elle doit avoir le temps. 

J'ai √©t√© plus que d√©√ßu, j'en a√Øs fait part √† mon v√©t√©rinaire qui m'avait conseill√© cette pension.",False
"Chat r√©cup√©r√© apr√®s trois semaines, elle a perdu 2 kg, hospitalisation, coryza, tr√®s affaiblie 600 euros de frais de v√©t√©rinaire. S'il est vrai que les chats peuvent se transmettre des virus il est de la responsabilit√© de cet √©tablissement de v√©rifier la sant√© des chats que nous leur confions et de r√©agir rapidement, c'est √† dire de prendre le temps de s'assurer que le chat n'est pas malade. Un manque total de professionnalisme. Tr√®s d√©√ßue. Plus jamais......!",False
"Je suis d√©√ßue √©galement ... J ai laiss√© mon chat pour une longue p√©riode .  Je l ai r√©cup√©r√© tellement bourr√© de noeuds que j ai du le faire tondre par une toiletteuse √† son retour ... chat √† poils longs donc un petit coup de brosses 2 fois par semaine juste 5min aurait vraiment √©t√© judicieux ... chat qui n avait jamais eu un seul noeud auparavant je pr√©cise !

 On demande au propri√©taire d amener un collier avec nom du chat , J en ach√®te donc un  expr√®s mais il a √©t√© perdu ! Apparemment les colliers ne servent √† rien car son accroches syst√©matiquement au grillage des box. 
On me dit que l on me tient au courant pour le copier disparu mais je n ai jamais eu de retour.  

Seul point positif : d apr√®s la dame mon chat est rest√© libre quasiment tout le s√©jour ...cependant je connais d autres pensions plus recommandables .",False
"Nous avons confi√© notre chat √† la Sauvag√®re cet √©t√© durant 7 jours et l‚Äôavons r√©cup√©r√© avec un l√©ger coryza, d√©shydrat√© et les poils pleins de noeuds. Comme il ne boit qu‚Äô√† la r√©galade ou √† la fontaine nous avions amen√© sa fontaine √† eau, que nous avons r√©cup√©r√©e dans un √©tat sordide et pleine de poils √† l‚Äôint√©rieur. L‚Äôeau n‚Äôa pas √©t√© chang√©e pendant la semaine alors qu‚Äôil y avait 4 chats dans le m√™me box. R√©sultat notre chat n‚Äôa pas bu s‚Äôest d√©shydrat√© ce qui s‚Äôest sold√© par des calculs. Outre le coryza, il √©tait tr√®s mal depuis son retour nous ne comprenions pas pourquoi. Il a finalement √©vacu√© ses calculs dans de grandes douleurs avec du sang. V√©t√©rinaire en urgence, il a √©t√© sond√© + antibio + anti-inflammatoires + √©chographie  : co√ªt 600 euros). Il doit d√©sormais manger des croquettes sp√©ciales.
Notre chat n‚Äôa jamais √©t√© malade auparavant et n‚Äôavait aucun probl√®me urinaire.
L‚Äôendroit ne nous avait pas paru tr√®s propre, mais nous avions tenu compte des bons commentaires qui nous surprennent maintenant.
Pour nous c‚Äôest plus jamais !",False
"Troisi√®me s√©jour en pension l√†-bas pour notre chat d'un an. Nous en sommes tr√®s contents, un accueil et un dialogue sur le comportement et la personnalit√© de l'animal. Une adaptation faite pour lui selon son caract√®re. Il y retournera c'est certain. Nous l'avons r√©cup√©r√© content de nous retrouver, et rassur√© de revoir ses petits humains. J'ai une grande confiance et je pars l'esprit tranquille en le laissant √† la pension la Sauvag√®re, il a toujours eu l'air serein au moment de notre arriv√©e.",True
"J'ai r√©cup√©r√© mon chat apr√®s un s√©jour de deux semaines dans la pension. Je l'ai retrouv√© avec 1.2 kilos en moins, totalement d√©shydrat√© et √©puis√©e. Elle a d√ª se faire perfuser ce jour pour une r√©hydratation. De plus, mon chat est revenu avec une infection au niveau dentaire, on a d√ª lui arracher des dents aujourd'hui.
Je trouve ce genre de suivi inacceptable venant de quelqu'un qui dit aimer les animaux.
Je ne recommanderai pas cet √©tablissement.",False
"Disponibilit√©, comp√©tence,  compr√©hension et affection sinc√®re envers les chats sous sa responsabilit√©. Quel soulagement de connaitre un service dans lequel on a toute confiance.",True
"Depuis une vingtaine d'ann√©es, chaque √©t√©, je confie mes chattes √† La Sauvag√®re o√π elles sont toujours accueillies avec beaucoup d'attention et de bienveillance et tr√®s bien soign√©es. Le lieu est tr√®s agr√©able, offrant aux petits pensionnaires un espace de vie large, a√©r√© et extr√™mement propre. Je le recommande vivement.",True
"Encourag√©s par les bons avis, nous avons confi√© notre chat cet √©t√© pour la premi√®re fois √† la Sauvag√®re et le regrettons am√®rement. Nous l'avons laiss√© en pleine forme et l'avons r√©cup√©r√© 12 jours plus tard en tr√®s mauvais √©tat avec 1 kilo de moins (1/4 de son poids, c'est √©norme... !!!),  d√©shydrat√©, sans app√©tit, et tr√®s fatigu√©.
Nous l'avons imm√©diatement emmen√© chez le v√©t√©rinaire qui apr√®s examens, prise de sang.. = frais suppl√©mentaires) a diagnostiqu√© un coryza !! La propri√©taire √©tait absente quand nous sommes venus le chercher et malgr√© nos diff√©rents messages laiss√©s sur son r√©pondeur, il nous a √©t√© impossible de lui parler directement. Actuellement sous antibiotiques et cortisone, nous esp√©rons juste qu'il aille mieux et que cela restera un mauvais souvenir. Alors, malchance ou pas, nous ne renouvellerons plus jamais cette exp√©rience !!",False
Chaterie pour les vacances de nos minous. Super bien tenue. Et sympathique.,True
"C'est la 3√®me fois que que je confie mon Glouglou (le chat blanc et roux sur la photo) √† la Sauvag√®re, et j'ai toujours eu √† m'en f√©liciter. Les matous ont chacun un coin perso pour dormir, et peuvent mettre le nez dehors s'ils le souhaitent. J'ajoute que la ma√Ætresse des lieux a tout organis√© pour le bien-√™tre des minous ! 
Je recommande vivement LA SAUVAGERE √† tous les amoureux des chats !!!",True
"Bonjour, je tiens √† vous faire partager mon exp√©rience avec cette chatterie et tout particuli√®rement avec la propri√©taire du domaine. Assez r√©ticent au d√©part de laisser mes deux chats √† quelqu'un que je ne connaissais pas et dont je n'avais re√ßu aucune recommandation, je restais perplexe. Mais, ayant √©t√© pris par le temps, je n'ai pas eu le choix que de m'y rendre. 
J'ai cependant pr√©f√©r√© y faire une visite √† l'improviste.
J'ai √©t√© tr√®s bien accueilli par cette dame. Elle m'a expliqu√© comment se passait un s√©jour chez elle et m'a fait visiter le petit coin avec terrasse de nos chers compagnons de vie.
Tr√®s vite, j'ai √©t√© mis en confiance en regardant l'attitude des chats qu'elle gardait (je ne pense pas que ce sont ses chats!!!). Il est clair que certaines mesures de s√©curit√© doivent √™tre prises pour garder nos amis en toute s√©curit√© (je parle par exemple de ne pas p√©n√©trer seul dans l'enclos...). Nous sommes dans la simplicit√©, pas de chichi. Tout est clair d√®s le d√©part et voir nos amis √©voluer dans cet environnement est bien plus rassurant que de les laisser une semaine enferm√©s dans un appartement.
Apr√®s ce rendez-vous, j'ai donc d√©cid√© de mettre mon Loulou et mon M√©tis dans cette chatterie. Je vous avouerais que j'√©tais tout de m√™me inquiet lors de leur premier s√©jour mais force est de constater que lorsque je les ai r√©cup√©r√©, M√©tis √©tait parfaitement int√©gr√© et Loulou, bien que tr√®s peureux √† l'origine, se laissait caresser par la propri√©taire. Ils en sont √† leur 3√®me s√©jour et passeront une partie de cet √©t√© en vacances √† la chatterie.
Bref, je recommande.",True
"Tr√®s bonne pension pour chats. Nous y laissons notre chat depuis plus de 10 ans, pour des s√©jours courts ou longs. Tout s'est toujours tr√®s bien pass√©, et il revient en forme. Il est en semi-libert√© et la cohabitation se passe tr√®s bien avec les autres chats. Mme Loiseleux est attentive au caract√®re de ses pensionnaires, et veille √† ce qu'ils se sentent bien avec leurs colocataires de box. Nous partons toujours l'esprit tranquille lorsque nous le laissons l√†-bas, donc nous recommandons sans h√©siter cette pension.",True
Mes chats y vont 3 fois par an depuis 7 ans... rien √† redire. Ils s'y sentent parfaitement bien. Je recommande cette chatterie.,True
Vous pouvez y laisser vos f√©lins...,True
"Je recommande cette pension, notre petite Lilou est en s√©jour de longue dur√©e elle a un acc√®s ext√©rieur s√©curis√© et de la place pour courir. Pension tenue par une passionn√© de nos amis √† 4 pattes en plus de l'h√©bergement elle leur apporte √©galement papouilles et amour.",True
"Tr√®s bon √©tablissements ! 
J'y d√©pose ma petite Shiva pour des courts ou longs s√©jours . 
Je sais qu'elle est entre de bonnes mains. Je la r√©cup√®re toujours paisible et en pleine forme !",True
Tres Bonne exp√©rience ma Nessy a pass√© 3 semaines cet √©t√© dans cette pension sans aucun soucis ! J'ai retrouv√© ma minette en pleine forme !!! Je recommande vivement,True
Chats coucoun√©s,True
"Les chats sont tres a l' aise, et tres bien g√©r√© ",True
A fuir pour la sant√© de nos chats,False
"Etablissement de confiance que nous recommandons chaudement. Notre chat y est en s√©curit√© pendant nos absences depuis qu'il est tout petit. Il y est en semi libert√© la plupart du temps et se sociabilise toujours un peu plus au contact des autres chats. Acc√®s ext√©rieur clos, hygi√®ne, calins et soins de qualit√© de la part de Mme Loiseleux sont toujours au RV √† la Sauvag√®re. Super Pension !   ",True
"(Traduit par Google) Eh bien ... j'aime bien l'id√©e de ne pas avoir √† donner mon chat √† un voisin en qui je ne fais pas confiance quand je pars en vacances, et c'est donc le bon endroit pour cela. Apr√®s trois semaines, j'ai r√©cup√©r√© mon chat, il allait tr√®s bien et je n'ai remarqu√© aucun changement de comportement. Je ne donne toujours que 4 √©toiles car j'ai remarqu√© que la zone o√π les chats peuvent sortir est assez petite. Et mon chat d√©teste les pi√®ces ferm√©es

(Original)
Well... I definitely like the idea of not having to give my cat to a neighbor I don't trust when I go away for holidays, and so this is exactly the right place for that. I got my cat back after three weeks, he was doing great, and I didn't notice any particular change in behaviour. I still only give 4 stars because I've noticed the area where the cats can go outside is pretty small. And my cat hates closed rooms",True
"Nous avons confi√© nos oiseaux, notre lapine et notre chien Newton. Une vraie relation de confiance s‚Äôest rapidement √©tablie. Tous les jours nous avions des nouvelles de nos animaux par photos, vid√©os et messages. On les voyait heureux et joyeux. Les animaux sont aux anges: balades, jeux et ils retrouvent pleins de copains et copines. Je recommande les yeux ferm√©s. Et cette ann√©e nounou aura un pensionnaire de plus. Merci de rendre nos vacances sereines car on sait que nos animaux sont biens et qu‚Äôon s‚Äôoccupe superbement bien d‚Äôeux.",True
Aur√©lie est vraiment une super nounou. Nous faisons appel √† elle d√®s que possible pour que notre chienne profite d'un super week-end de ballades et de jeux. Un excellent contact et toujours aux petits soins pour les animaux. Vous pouvez y aller les yeux ferm√©s....,True
"Marcel a pass√© un super s√©jour! Nounou a √©t√© attentionn√©e et s‚Äôen est superbement occup√©. Professionnelle et vigilante. A des milliers de km j‚Äô√©tais en toute confiance.
Je recommande vivement.",True
"Aur√©lie est une vraie professionnelle des animaux, elle est en plus super sympa et naturelle. Aur√©lie s'occupe de mes animaux depuis presque 2 ans, aussi bien pour les vacances, pour des balades la semaine ou pour des passages √† domicile. Une seule chose √† dire : c'est formidable! Cela permet de partir sans culpabiliser et en toute confiance (pour une journ√©e ou plus) et d'√™tre sure qu'ils seront bien. Il suffit de voir la f√™te qu'ils lui font quand elle arrive, mes chiens l'adorent et mes chats aussi !
Surtout n'h√©sitez pas",True
Les animaux sont tr√®s heureux dans cet endroit. Ils sont aim√©s comme √† la maison. Nous laissons toujours notre chien en toute confiance. Merci pour tout ce que vous faites.,True
"Excellent, je pars en vacances les yeux ferm√©s, Aur√©lie est professionnelle, consciencieuse et assidue !!! Les animaux sont heureux et multiplient les balades bravo ! Et bonne continuation !",True
"Aur√©lie est au top ! C'est une personne de confiance qui aime les animaux. Elle s'en occupe √† merveille et leur donne beaucoup d'amour.
Elle s'adapte √† leurs habitudes (et leur caract√®re). Elle prend vraiment en comptes leurs besoins.
N'h√©sitez pas √† lui confier vos petits compagnons, elle sera parfaite (Depuis 7 ans, elle me garde r√©guli√®rement ma tite Luna).
üòä",True
"Notre petite Lilou attend avec impatience que nous partions en vacances afin d'aller passer  ""ses vacances"" √† la pension des animaux heureux!           Elle hurle de joie quand Aur√©lie vient la chercher et ne nous jette m√™me pas un regard lors de son d√©part  :)                                                                                                                                       Cela veut tout dire, une pension super, merci Aur√©lie!",True
La poupette n'a jamais √©t√© aussi heureuse et √©panouie qu'en rentrant de balade avec Aur√©lie. Merci pour tout l'amour et l'attention que vous leur donner.,True
"Une gardienne au top qui aime ce qu elle fait. Hava, la chienne d une amie est aux anges d√®s qu elle est l√† bas",True
"Super gentille et disponible, je recommande !",True
"Aurelie s‚Äôoccupe de notre b√©b√© depuis pr√®s d‚Äôune semaine et √©tant √† l‚Äôetranger, c‚Äôetait Un peu stressant pour nous. Nous avons des vid√©os tous les jours ainsi que des photos. Quand je vois ma petite Nina qui court et joue avec des copains, je suis totalement rassur√©e. Mon mari dit qu‚Äôelle est en colonie de vacances ! Merci Aurelie pour l‚Äôaffection et le professionnalisme que vous apportez √† nos petites b√™tes ch√©ries.",True
"Nous avons connu Aur√©lie il y a d√©j√† plus d'un an . Nous recherchions une personne de confiance pour garder notre lapin qui est l'amour de notre vie. On a eu un tr√®s bon contact imm√©diatement un vrai coup de coeur car elle.connaissait toutes les particularit√©s des pinous qui sont des bouts de chous tellement fragiles et si peu connus du grand public. j'ai tout de suite √©t√© rassur√©e ! Tout se passe toujours parfaitement bien : Luigi s√©journe √† morainvilliers la truffe sereine et nous le laissons pendant l'ann√©e a l'occasion des vacances (s√©jours longs), week end et lorsque nous avons d√©m√©nag√©. Nous avons des photos et vid√©os tous les.jours c'est tellement appr√©ciable et rassurant √† l'√©tranger surtout quand on est loin. J'avais tellement envie que mes parents connaissent cette tranquillit√© et cette confiance car ils n'avaient pas de vraies solutions de garde que j'ai vivement conseill√© de faire garder Bonheur le chien de la famille √† la pension des animaux heureux.. Nous avons √©t√© ravis de ces 3 semaines.  Bonheur n'avait jamais √©t√© gard√© hors de la famille et Aur√©lie a √©t√© formidable ! Elle  a su tr√®s bien y faire avec bonheur tout en s'adaptant √† son √¢ge et ses envies.. Lui aussi √† pass√© de superbes vacances on a pu le voir sur les photos et vid√©os : courir au grand air, se promener au parc, en foret, au lac, rencontrer des chevaux, faire des supers photos de groupe et se faire m√™me des copains lui qui est vraiment solitaire Il faisait plaisir √† voir. Cela lui a fait beaucoup de bien . L'air de la campagne lui manque d√©j√† depuis son retour. Luigi et bonheur adresse un grand merci √† leur nounou pour son grand amour des animaux , son humour, sa patience et ses c√¢lins.",True
Notre chien Frimousse plusieurs fois gard√© et aucun souci ! C est des vacances pour les ma√Ætres et le chien üê∂ Je recommande vivement.,True
Aur√©lie est vraiment super et connait parfaitement les animaux. Vous pouvez lui faire confiance les yeux ferm√©s !!!,True
"Une super nounou! Notre beagle qui a besoin de se d√©penser en est fan, puisqu'avec sa nounou, il fait de grandes ballades en for√™t, voir des footing, et continue √† profiter d'une vie familiale comme √† la maison! 
Et pour nous, c'est tr√®s confortable de savoir que notre chien est h√©berg√© dans d'excellentes conditions, par une personne ayant de bonnes connaissances en mati√®re de dressage et de soins √† apporter √† nos amis √† 4 pattes. Et les vid√©os live et photos post√©es sur le groupe priv√© FB permettent de savoir en permanence comment se passe le s√©jour de notre chien, ce qui est tres sympa ! 
En bref, je recommande vivement !
Merci Aurelie! 
Helene",True
"Bonjour,
Nous habitons depuis peu de temps dans la r√©gion et nous avons deux magnifiques chiens, des terriens br√©siliens. Nous cherchions une pension pour accueillir nos b√©b√©s et l√† nous avons trouv√© une PERLE, Aur√©lie de la Pension des Animaux Heureux. Une vrai passionn√©e.
Le mercredi nous lui confions notre petite Lola et notre petit Obi-Wan pour qu‚Äôils puissent se d√©fouler toute la journ√©e...üêïüêï
Nous sommes tr√®s heureux d‚Äôavoir Aur√©lie pour s‚Äôoccuper de nos b√©b√©s.
Nous vous la recommandons vivement üòÅ.
Encore Merci Aur√©lie üëç
JM & SM",True
Super pro confiez lui vos animaux les yeux ferm√©s!,True
"Gros coup de c≈ìur pour cette pension!! Aussi bien pour son professionnalisme que pour son amour pour les animaux !
Tres dur de laisser mon chien au d√©but 1 fois par mois pour les r√©unions mensuelles de travail mais maintenant Aurelie fait partis de la famille, elle s'occupe de loly depuis 1 ans et demi toute les semaines pour la sortir de l'ennui des longues journ√©es √† la maison lorsque je travaille.
Des copains pour Loly, de tr√®s longues ballades pour la d√©foul√© et une adoration pour Aurelie et sa famille! Il n'y a qu'√† voir comme Loly l'attend chaque semaine! 
Il me serais impossible de m'en passer aujourd'hui!",True
"Ca fait plusieurs ann√©es qu'Aurelie s'occupe de mes animaux pendant mes cong√©s et quand je suis au travail.
Jamais je n'aurais pens√© avoir un jour autant confiance en quelqu'un pour laisser mes animaux et pourtant c'est le cas. Il suffit que j'observe mes loulous pour voir qu'elle s'en occupe comme les siens parce que c'est la f√™te assur√©e! Un grand merci √† Aurelie et sa famille qui n'est pas moins aimante et attentionn√©e.",True
Joli  endroit,True
